<!DOCTYPE hibernate-configuration PUBLIC
"-//Hibernate/Hibernate Configuration DTD 3.0//EN"
"http://www.hibernate.org/dtd/hibernate-configuration-3.0.dtd">

<hibernate-configuration>
<session-factory>
    <property name="hibernate.connection.driver_class">com.mysql.cj.jdbc.Driver</property>
    <property name="hibernate.connection.url">jdbc:mysql://localhost:3306/jdbc_database</property>
    <property name="hibernate.connection.username">root</property>
    <property name="hibernate.connection.password">8105480530</property>
    <property name="hibernate.dialect">org.hibernate.dialect.MySQL5Dialect</property>
    <property name="hibernate.show_sql">true</property>
    <property name="hibernate.hbm2ddl.auto">update</property>
    <mapping class="com.Hybernate.ex2.HibernateProject2.Student"/>
    <mapping class="com.Hybernate.ex2.HibernateProject2.Bike"/>
</session-factory>
</hibernate-configuration>